FName,LName,Email,UserPassword,LicensePlate
Stephanie,Price,luis52@example.com,n0a@P^4+@!Yp,H76 5JR
Donna,Tran,codykelley@example.net,*uADtcrU+M3a,5-3933Q
Joseph,Hill,colemandaniel@example.org,V8Gc%Wph$5UL,TPL 5057
Jeffrey,Evans,thompsonjacob@example.com,1t4h^e0D#3YP,761 4GU
Connie,Smith,uscott@example.org,02%6pGywj6_2,782 IXF
Jeremy,Allen,nelsonjohn@example.com,5LIVImez+9%I,39O B02
Sean,Hall,ahampton@example.org,Fz92YlzX&@sf,7U 3564Z
Kathleen,Russell,mmueller@example.com,)75pU3JrR_@H,5G ZK599
April,Mendoza,ybooth@example.org,id8v*0Wpb6C+,1-5997D
Matthew,Welch,uhardy@example.org,A*8WI05sVb1M,37L 9866
Caleb,Kidd,wlittle@example.com,6uMbjF9&#yaZ,52U•830
Christopher,Norman,debra52@example.org,P+f$5Tu46_WR,676-KYI
Kimberly,Hudson,brivers@example.org,%)MagvjcO9Ub,R97 2LZ
James,Vazquez,scottjoseph@example.com,#sM1&ixd%irD,X50 3YB
Travis,Leblanc,hamptonaustin@example.com,1MP^afxo$FmW,8RYN539
Theresa,Brown,dawn08@example.org,%76Ehkaa#!N),MPN-5874
Rhonda,Clark,timothylee@example.com,6WE)SDni$WiJ,236308
Todd,Hernandez,kevin44@example.net,J@60YgGgagRm,7-82907Q
Christopher,Brennan,lopezsharon@example.net,0MMZf7Sp%nDP,012 VNZ
Christine,Walsh,rogerspaul@example.net,sE0fswPs&bw*,391-YWO
Noah,Jackson,johnsonthomas@example.org,hV1_Ui^%)@F%,57-E322
Edward,Rice,jacobsjacqueline@example.net,KaCFh4Ki#I7*,TBB-999
Valerie,Holmes,sandra13@example.org,0X6eEquVeC&D,DR6 Z4M
Troy,Jones,tfigueroa@example.net,u!PAFjdnH5I9,MTO-9000
Zachary,Rojas,folson@example.org,N%yU$W2a5Y6V,27O 0345
Natasha,Thomas,garciaandrew@example.net,K6NCFy+O*PvM,4U 0B8XQM
Timothy,Benitez,crystal36@example.com,#K2^xiJo$54F,8LT1943
Catherine,Hickman,brooksmichael@example.org,^1cZqwiRec2a,786NGK
Adam,Daugherty,gmurillo@example.com,#j)eEx%RX!9B,560XEG
Mitchell,Henry,twest@example.net,XY1%L)6i#$!s,203 9717
Joseph,Oliver,haroldduncan@example.org,_p2D3MyiLHzd,9UU 023
James,Coleman,ricardowatts@example.net,S8%0dpw)&9Nx,KXJ 4884
Carla,Vega,pparrish@example.com,EVN#36Vv0nnt,849-NDN
Susan,Scott,tannerrichard@example.net,zH&GRYqrp8U!,HD8 9411
Mary,Weaver,asingh@example.net,$e7Quy6I_72P,CE 1366
Nathan,Dixon,gbaker@example.net,Kb4bdh+u)OF7,60-4479K
Christopher,Charles,yhopkins@example.net,zJUzxn$D(19P,07V•810
Jason,Barnett,taylorheath@example.com,I@5w_Tgxi$2p,JS1 W3E
Benjamin,Barnes,andrew81@example.org,bS8CzcUZx!8c,7AP7478
Franklin,Woods,ystewart@example.net,ZFtAeiIb+89g,M 780061
Ashley,Perez,peterhall@example.org,*Cz4KYe0Oc)F,MUJ 792
Juan,Johnson,mooresara@example.com,^$X1Zf&kNyMe,R17 6NX
Leonard,Henderson,fhurst@example.net,NAKtmJBp$#7j,92H NM7
Sophia,Rogers,joshuaharrison@example.net,f+MxdnvSmg3r,81A PU2
Laurie,Roberts,williamsdaniel@example.net,M%9gLxz@1%X8,0-10661
Angel,Raymond,jessica00@example.com,UTD&BRdY#029,772 PWN
Ashlee,Quinn,louisphillips@example.org,a&1zIz5JC^15,LMR 895
Fred,Pearson,denniswallace@example.org,@^UgkBlw5nJU,766 KEF
Samuel,Porter,mariedelacruz@example.net,YMcDlGmps$2E,014Z
Judy,Young,isaacferguson@example.org,iNfd&&G#(18+,XAS8272
Johnny,Stone,zwheeler@example.net,+4Dshj6e8hLj,AU1 1066
Julie,Dougherty,garyclayton@example.com,9UeoFcr+%u)S,FVS7880
Roy,Anderson,kayla83@example.org,v@5IH2gMUsdi,3U I3227
Sabrina,Montgomery,rhondadawson@example.org,Tb^#WpJ_Y%8S,24-K842
Randall,Daniels,mary74@example.net,6z!)leNg*7CI,JFQ-973
Sally,Pierce,schultzkevin@example.net,*6bJ*l)vm33r,557 WNT
Michael,Hudson,vmullen@example.net,ub__KZcq$z1X,LAC 509
Chad,Elliott,kellydavis@example.net,iXjMCnhm6q8*,2A467
Shannon,Baldwin,sherri14@example.net,_EV%cPDWN7q@,FDB-4451
Eric,Whitaker,kristigreen@example.com,@xn6yBF8L%pw,B82 9IX
Thomas,Sloan,hpalmer@example.com,(nGXvKsy)U62,MSB-0459
Melissa,Gonzalez,fballard@example.com,zR&H4Xbp5X2d,015AAU
Gregory,Rich,abishop@example.com,_3hS1pCv#P7O,VF-7054
Mariah,Guzman,chad46@example.com,_N)xr5vKNM7L,4-1841T
Matthew,Sherman,samuel87@example.org,)MQm+z9ea9#s,RJH 433
Elizabeth,Reid,davisjason@example.org,_dY&lxq!9JtY,5AY5083
Megan,Weiss,charles77@example.org,q&tHTVTeql4(,CK 0833
Keith,Thomas,cbarker@example.org,8vg00@0C+qM3,QI-9641
Jennifer,Barron,lyonsscott@example.net,n*ym4+Jo$S10,523 FDM
Michaela,Cox,jackraymond@example.com,Nb3Sd9^d$&bb,765-ROA
Michelle,Mccormick,phillipspeter@example.com,cYuBvUGB33z@,1JS2290
Ryan,Morris,xhuynh@example.net,C94BbTi^%78Z,K19-FPD
Robert,Hughes,jonesann@example.com,#6!MkUYxQPSC,44Q OO9
Johnny,Martin,qwalker@example.net,9nGAyASg_3)N,F79-NZB
Krystal,Stevenson,trodriguez@example.org,LuftxZwu%32L,901 XH0
Frank,Carter,grahamdavid@example.org,e1GU5JqzIX^5,125-KJF
Stephen,Freeman,michael56@example.com,#^7ToF3ugV5O,HDR-285
Anthony,Sullivan,susantran@example.com,p@jHr%&W#r6m,77N 7764
Jennifer,Daniel,robinsonnina@example.net,@WxdRk%MJ*0t,12Y E05
Vickie,Mclaughlin,andersonmary@example.org,#1Uj!Q*sYC45,5WO 018
Cody,Johnson,birdjennifer@example.org,#2Ua8#lyJ#Sv,0-9807T
Joann,Charles,jarvisnathan@example.org,LdY7uQbn$$o7,WSR-3718
Michele,Baldwin,scottramirez@example.net,^_6xFWDy!1v4,QET 869
Kathleen,Williamson,ryandavis@example.org,gCFLXptkG&08,ZEE-942
Michael,Smith,scott16@example.net,Gw3^r7Js)tsa,SXF-7094
Lisa,Jackson,willisashley@example.org,ynh@5FbNy*Gi,070 HVH
Robert,Moyer,rangelandrea@example.net,w&eO6Iid^SZ5,162 EZH
Thomas,Moon,michelle04@example.com,2(ZzPTcpF_9j,1EJ1312
Tim,Tran,grant93@example.com,l##u5TxrplX$,EOL 0449
Victor,Roth,bjones@example.org,2lm$0GVnO+Mm,HG 19980
Eugene,Green,phenderson@example.org,&3k8$6LatUTO,483XPB
Shane,Reeves,sarahlane@example.com,i&qWL@vt7vp8,330 CJM
Alan,Ryan,bradley16@example.com,#(L#sHIxs*A7,CKQ-177
Justin,Knapp,patricia90@example.com,4do_CeDry1K0,5XV 516
Brianna,Hoffman,duffyjeffrey@example.net,b(HgEqaiHc*7,489 FEK
Timothy,Stone,kimberly21@example.net,j1%XI$Gp_G#6,768-BAB
Brittany,Carter,jacob85@example.org,tk&mZCj_I23P,DKN 9697
Carolyn,Wade,fhoffman@example.net,N(!XVhaj@45!,730 8415
David,Farley,collinsbarbara@example.com,ngtBQaYn&*85,LJW-379
Roy,Holmes,kimberly11@example.org,+xm6XMQtM3zn,394 VGQ
Rebecca,Buckley,robert64@example.com,kJ55YZQc@_tG,3ZC58
Alison,Hayes,dwade@example.org,Qp_7I6c2+3ZO,ZEQ 187
Michael,Chaney,veronica12@example.com,2rIVM)5n&6Z6,B 258617
Tony,Harrington,allenmelanie@example.org,zm2nqwMX^PTz,790 FCZ
Christopher,Smith,rickyvaughn@example.com,biO4X9Bx^&p^,6YK63
Cameron,Johnston,perezjordan@example.net,#U!k4KjkM8UF,ZVY 717
Logan,Andrade,oosborn@example.net,@7j7TSbxLvSa,JMI-834
Benjamin,Erickson,andersonbradley@example.com,%7k(EqhafSJy,672-BHO
Tara,Diaz,kentjenkins@example.net,#90Q^%io#)qQ,HZL 726
Rita,Chung,emoss@example.net,lNp2IVfFe#x6,QNU-354
Jonathon,Heath,danielgarza@example.net,+(ScR8s7(8JT,72B KF5
Curtis,Lopez,rogersdavid@example.net,gk53ET8EQ+R_,2GB Q32
Hunter,Davis,pconner@example.org,k+uRKHCx$6y5,7QQI060
Natasha,Vargas,rachel48@example.com,vATIvM_y$H1X,598-DTJ
Nicholas,Taylor,boothgarrett@example.com,#0dlKhA(BIXZ,03J Y98
Jonathan,Morris,bookerjennifer@example.org,h)@9NHpm4aYF,719 9571
Joshua,Mercer,brentblack@example.net,368OJkDtS*9&,SSW9802
Gerald,Reynolds,james04@example.com,+Mv(2IpYm9Do,371 BUI
Patricia,White,gomezchristopher@example.com,&b*yN@wj3RSt,4J 0140Y
Jason,Kelley,staceysmith@example.net,6^9(n4jvqUOT,0E 5E8ENU
Shawn,Armstrong,cassie95@example.org,30#6adxk#KRu,180048
Alexander,James,morganchristine@example.com,i0(CjDXe_)Dq,64V 491
Sara,Lewis,cory38@example.com,p(XIci9p#Kv8,4VI5661
Jessica,Mitchell,milleraimee@example.com,%vXI@bi1qHl4,5-7095D
Ashley,Gallagher,fhiggins@example.org,n%XDV(g(0m2Y,YKP 541
David,Rojas,christyorr@example.com,*&u$YKHa*2xf,673 VRC
Laura,Lane,gyoung@example.com,o$qdDuuJBQ1w,976HT
Joshua,Rodriguez,ambersantos@example.org,O#Th6yd(B#*0,71S Q94
Evan,Smith,elizabethmartin@example.org,onrkWDe8$1mY,OQK-996
Robert,Torres,garciaalyssa@example.net,)RQ7FMox2Jjw,433816
Darrell,Gaines,greenmarvin@example.net,mo6oVZetd)4C,JAY 946
Craig,Zamora,dixongina@example.com,nSs27Yri$(R^,ZXY 676
Kelly,Hudson,jnoble@example.com,bL1$p#ASex5U,2-43221I
Megan,Smith,gonzalesdawn@example.net,*WndOuM*%k6A,42-19742
David,Lynch,mmorris@example.net,Brs#YtTQZ%O7,NPM 172
James,Taylor,briannaadams@example.org,U3QHCUTS&xY_,ZVJ 215
Benjamin,Thompson,kramirez@example.org,@QO^@loHi19Z,98B 5014
Rita,Thomas,dennisburke@example.com,M^@UvtpCIb3j,956SQB
Michelle,Thompson,jefferydavidson@example.org,#(V^tRhr)V4a,949 DI4
Jaime,Thomas,ashley87@example.com,$9LFOBEa!W+C,LOW 637
James,Chavez,roberto85@example.com,9EkzCuV%@par,HQX 559
David,Schwartz,izhang@example.org,@4P!(R+zc2V$,893 LAE
Jason,Chapman,holly99@example.com,#7YOsD%umD8u,CA 55661
Elizabeth,Byrd,gporter@example.com,_reamAjoI0M5,SNQ-112
Dawn,Watts,austin52@example.net,&1TMtwJHHudS,217-HYM
Jessica,Rodriguez,obrown@example.org,!Ck#FFm4f3XA,U 037978
Corey,Williams,alexwood@example.com,_7y(qRxshxvO,478496
Melanie,Rivera,jessicapruitt@example.org,^@nOm%dgt4h_,WCL7323
Tammy,Hayes,schoi@example.org,gZ8MHer^%ckx,STX-9727
Patrick,Jensen,anthony84@example.com,k#183RwtWq%t,PYJ 522
Frank,Cruz,djacobs@example.com,H%4127Fe)2Tn,7HI F54
Benjamin,Wilson,david95@example.net,%wAZicrRH+8R,013 OYR
Dakota,Rodriguez,alvarezsteven@example.org,3L%ZyA%hk@9$,5-Y3683
Robin,Fisher,apeterson@example.net,B%4NRvoJ18ew,695723
Crystal,Smith,kimberlyhansen@example.com,nU4SQo+x$HvA,24-4634G
Raven,Schwartz,travis12@example.org,cAg2pFpoO@t^,WFY 027
Jennifer,Hernandez,judy01@example.org,zX^DUvVh+!74,11W•928
Jose,White,mcculloughcatherine@example.com,CJ68wzFg_GUh,PQ 0029
Mike,Barnett,bmckee@example.com,KxfxAD3l!@F8,4JK9768
Thomas,Crawford,nathanjohnson@example.org,bbj6@LTi%i9c,E48 7JZ
Daniel,Nichols,oconner@example.org,_G&KSiXfPTm0,LFJ 932
Katelyn,Moore,katelynbrooks@example.com,+5Svn&j2RoZZ,7-V8230
Ruth,Jackson,walkerdean@example.com,W149vppYk*iN,BXV 268
Kristen,Garcia,alexandrakramer@example.net,x3X!hKubJa)Y,X01-07C
Blake,Robinson,morgan33@example.com,oK2fbjDl+H+L,340-SKWY
Nicole,Hendricks,michael38@example.org,HmSzCnmb(P2),XM5 0253
Martha,Harrington,hsimmons@example.org,rqG3La6cg)(6,0P 8O3ZMA
Felicia,Huffman,imalone@example.org,$8Y#yk1hcaVr,Q14 8JX
Nicole,Smith,johnfletcher@example.net,_f)Oeknj7O1s,HH 6139
Kathleen,Burch,mollybush@example.com,^I9zI_u5KxUa,789 9EY
Jessica,Hendricks,alopez@example.net,O_+Zpgdj@(0N,020 JOI
William,Wolfe,amccullough@example.com,^bALjqwu@C2j,ACW5374
Brandy,Wheeler,angela55@example.org,X$T8)+B4pr42,0AE 909
Charles,Arnold,malikolsen@example.org,H1di2Fz3$1kA,4LU P94
Laurie,Harper,bradybernard@example.net,5*Nr!_S_n10),4Y145
Juan,Johnson,martinezstacy@example.com,&AKn)R*ZV1DC,865 WOA
Abigail,Reyes,omcconnell@example.com,kmL&6zVfI5#5,662 MFD
Emily,Wu,hughesjacob@example.net,vw5AxEzlb@8J,60C•335
Julie,Hoffman,ndavidson@example.net,3P1UWVihO*LW,82S 000
Allison,Larson,annette54@example.net,g34HBhi!@20N,R30-29B
Ashley,Hogan,haroldconley@example.net,bG$7OKjM@n7),56R 3913
Benjamin,Wilson,jennifermoore@example.com,_V8qFyJyI$o0,8M 77422
Stephen,Anderson,david34@example.com,dk$3En1jXR$2,23S 746
Andrew,Gonzalez,tonya50@example.com,&p0%MSamH*v2,832 OTB
Adam,Townsend,coryclark@example.org,H(9TWLYaVNp_,456-176
David,Rodriguez,christy61@example.com,BwQ6^Sr5AGE&,86V 326
Sarah,Doyle,nday@example.org,#4+jP$nfU2H@,79-D447
Julian,Petty,gregory08@example.org,_9PnGY(FAx0g,3-1115A
Brian,Ramirez,josephbanks@example.net,_c8NGcl8+eI@,YDX 601
Heather,Anderson,sharonanderson@example.org,Ws8(WnAc)acN,HPI 679
Samuel,Allen,osbornejoel@example.org,VlT0CYLc!I50,04-R090
Elizabeth,Silva,clarkbrandon@example.org,71KlM7gV^rXc,478-DZAC
Megan,Kelley,carrollmelissa@example.net,$FTlTQw0FH5I,4V G2443
Angela,Wheeler,martinezkevin@example.org,$FG3XrXrX%1p,3KS R48
Debra,Dennis,katherinesanchez@example.net,sG@49Cbmk(+1,418 URM
Tammy,Estrada,donna31@example.net,guEf^lLt+2$n,298-RVM
Christopher,Acevedo,zlopez@example.net,!^8)tEVd0H86,3XDX711
Amanda,Oconnor,astewart@example.org,DTJ2VUqs$@7X,8WVX 28
Chris,Greene,kelseysilva@example.com,_MLBhZi36dOb,2209 IE
Teresa,Garcia,xperez@example.com,*qUv4%YPM3q6,BDY 153
Travis,Castillo,jonestroy@example.org,#7jf)guUjsMH,061 EQC
Tyler,Jones,coxalexander@example.org,+QTR9qQmT^R^,61SK503
Darren,Dawson,odavis@example.net,23OWXskl&71^,421-YIG
Jacob,Henderson,lisahoward@example.org,ke2ISwtq2h3+,7C CM594
Michael,Mckinney,ellen93@example.net,4h2K@yuk3%)h,YR8 S2O
Anna,Pena,tbanks@example.com,M*eckpAhBB4v,33O E31
Betty,Schroeder,walkerregina@example.net,8&8PaCrD$h40,N72-28X
Nancy,Aguilar,cynthia20@example.com,$o!Q0enGQ9ss,23H D73
Corey,Perez,jrichards@example.com,5pXvoRzu#r7G,1SV 440
Lori,Johnson,ulyons@example.org,+1TjNYtEnvS^,XQO-350
Glenda,Burns,jameswagner@example.net,dvR!BpJK@U9A,367-VXH
Shane,Obrien,makaylaclark@example.net,%RG4wyP7Y0nr,320 OKK
Steven,Smith,lforbes@example.org,(nIb@YqoeH9E,YJU M89
Emily,Fletcher,michellefigueroa@example.org,(%!0QW_zJ$y$,885 FZM
Shane,Johnson,walshmelissa@example.org,_6IQgJjpes_X,9E K1931
Andres,Wall,camposjeffrey@example.org,y^yk2Gr&Ng!&,141 QXS
Pamela,Terry,smithwilliam@example.com,GZr)!5RyCJ6J,873 IZM
Colleen,Delacruz,michael05@example.com,tvF$!DnA+r6D,578 WHU
Joshua,Eaton,christinawood@example.com,A%spHsT3)T0l,577342
Michael,Wilson,bergerstacy@example.net,q7X$P3ScWQn&,JKF-8484
Briana,Garcia,ncollins@example.org,$71wiDQ006Gc,971-QIH
Elizabeth,Vasquez,annette00@example.com,GPS0Uut8()FG,JDJ 754
Jacob,Blackburn,luis37@example.net,4NFxiNes)Od!,88-ZD99
Robert,Johnson,moyerkendra@example.com,6(FI09Kj*5S%,0YG X71
Jessica,Strickland,lvasquez@example.net,vr5h^^Yx+i9L,4W 0651O
Dennis,Parker,ynavarro@example.com,idC@6xL#(_7),SWZ-6011
Caitlyn,Cannon,kelsey02@example.org,$5IZ!oks&8Ok,DYO-582
Curtis,Patterson,andrew29@example.com,tX!3*GjONKCD,97Z 529
Randy,Lyons,serranohaley@example.net,Mh1^bm4c_0cB,OPL 888
Nichole,Day,cwatkins@example.com,w2Dv+(f8@Gvl,696 VUX
Dawn,Morrison,david49@example.org,r58duphY%lDp,541-QRWX
Susan,Li,cartermatthew@example.com,b!L1NaPm#Yrw,BL-8059
Hailey,Perez,billy05@example.net,!7YVs4xassA8,ZDB 660
Gina,Roman,gregorywalker@example.net,%Tc91qfp@9GO,5CF 580
Jasmine,Ortiz,karenwilliams@example.com,aeM1@WenZ%T),1-5078P
John,Quinn,cmaxwell@example.com,*29+U*Uc%wf$,90Q 3357
Timothy,Wilson,hwhite@example.net,Zm047LId%8vV,617LU
Barbara,Jones,mitchellamber@example.net,trdSvWc%)YI7,695WGN
Sarah,Riggs,jdelgado@example.com,R^xQKdsnrO88,3QB Z82
Dennis,Mckay,fmartin@example.com,5a0^UM)jx(5Z,ZJE 790
Brian,Ortega,angela82@example.org,i_4CI#yNs2_E,416-KZV
Holly,Mcgee,rwalker@example.com,F)u^v4if&26E,252LC
Terry,Delacruz,melissa60@example.com,!)h6xmJ_2QEF,651TJ
Meredith,Pace,daniel20@example.net,s*$aE+Oa^Ju7,KHK 973
Teresa,Wallace,ydavis@example.com,lO51XCxfpr%W,JAZ4360
Steven,Pennington,kimberlymorales@example.net,iz!2Z)By34T7,1-4853B
William,Snyder,rodriguezmichelle@example.org,&6krW9%mSAU3,8SO6641
Steven,Weber,nicholas88@example.org,GB6yX1h*!@ZZ,92K V10
Katherine,Barker,christopherbowman@example.net,P(TRkdnf$8@k,1-B2298
Lee,Pittman,christine64@example.org,m_QyRgjmTod9,FQG 8402
Peter,Mclaughlin,pbarr@example.net,R9KVjk*g(9Z2,500 1WC
Erika,Wilson,ramirezmichael@example.com,)SoUwwq+a3Y!,56N•813
Erica,Warner,julie06@example.com,do)2XgZoa%2W,LHL 140
Cindy,Gardner,nicholastaylor@example.com,Hmm6Z$wtQ*Ds,4243 WT
Margaret,Armstrong,julie62@example.org,(fqcPLy%I8Rb,BLF-3757
Steven,Walker,katrina36@example.com,AzOnY5Wg95c@,MPH 787
Sarah,Swanson,kristinrodriguez@example.net,3RX*&7Llh9%f,460 RML
Joseph,Pham,ubryant@example.com,q@cD2JDqgNY#,FAX 772
Regina,Franklin,jordankristin@example.org,9Ev9NL%F!XDe,24-X882
Stephanie,Ross,owensjennifer@example.org,r%3OTP8nUEeH,9-91795J
Scott,Beard,taylor16@example.net,Oa^AVmv+8t*0,OPX-7210
Sheri,Odom,asanchez@example.org,JKWTdo#UPq9#,416-LKG
Brenda,Rodriguez,kevin06@example.org,qdVJh2jk@5KU,HEN 727
Charles,Green,regina28@example.com,xj*9GPu)blXh,54T Y97
Matthew,Bates,collinsadrienne@example.net,Z5y(c1!_5XVT,HRS 964
John,Murillo,shane52@example.org,SXQc8Sa1+6Nk,X43 1VK
Randy,Warren,wilsonsarah@example.net,0(9Z#HqBpgMH,8ZGD371
Geoffrey,Fox,brooksscott@example.org,LIh7NjuzK%j%,2A 0931F
Eric,Harris,deborahsmith@example.net,MxVxNc+nZ^9T,3625
Douglas,Elliott,michael57@example.org,_kw)Q#Ky%CQ0,9I SU379
Cassandra,Smith,steelescott@example.com,qBM(c5qu&0oP,N30-33L
Brian,Dean,richardsonpatricia@example.net,OG22aoYzl_P!,6GE 276
Sandra,Sandoval,kaylazhang@example.com,X2J1FebXxlr+,852-FHH
Monica,Rojas,craigwilliam@example.org,425vNiwX%WQD,650-050
Eric,Mcdonald,coreyclark@example.net,+QQcnqxwJ7MZ,8GW3749
Jessica,Bernard,justin17@example.com,G6wl(6D1#G$T,6F CY650
Angela,Henderson,kari99@example.org,R2yLlx9Fh#0f,SVC S98
Debra,Green,pmiller@example.org,d@03uyc7#iDG,LMV 529
Zachary,Padilla,jesusleblanc@example.com,AL4NhJT3E&pF,MF-0476
Ashley,Wheeler,caleb39@example.net,PEhR6Zrn+*9P,HQY 683
Ariel,Perez,markhull@example.org,$5c9HNDn$VGj,MJT 751
Robert,Schwartz,smithjimmy@example.com,^ECQ6#MyrC2#,428 QUR
Madison,Hines,teresa01@example.org,+i2AD!wu!yi7,8ZJ1713
Michael,Baird,hpierce@example.net,NF2WuGzBva#t,ZYZ-896
Sandra,Lewis,jbond@example.org,50ARJDsx#Gk9,9QU0849
Stuart,Price,julianhicks@example.net,N4n2iPYo(Kf),NKH-129
Dawn,Gallegos,frank60@example.com,tJF$GTxZ2zRE,1HC 089
Carolyn,Thomas,boothdonna@example.org,PU$dSCu)s@15,UW 53512
Angela,Elliott,dwelch@example.net,33S7_lVq&dL3,709-CKY
Kevin,Oconnor,antoniomorris@example.org,SWSGOW*bh^&2,ZAI-5544
Joel,Collins,melissa19@example.org,V(AgnMUo9c0V,910GSS
Theresa,Byrd,james36@example.org,O@AL4cGbCY5_,6FS 472
Yvette,Smith,cruzalexis@example.org,#6Mr4QcPXA_V,794 MEC
Brianna,Sutton,conleytamara@example.com,)Ef_IMMJy+D7,590 NAE
Steven,Lawrence,dawsondamon@example.com,215NvAz+(zoY,IOF 621
Robert,Ramirez,cookchelsea@example.org,Y^iT%ASg+I51,N54-CXC
Jodi,Schwartz,amy97@example.org,UY!(H2Qv+H)f,5LO J00
Mark,Bennett,alvaradochristopher@example.org,)kw6BxsJ^q3N,A21-XQE
Daniel,Contreras,burnsmichael@example.com,xbL^ZSiuGfM3,578 QR3
Gina,Dawson,john18@example.org,9gxv9b(I!(mR,2-44502
Melissa,Adams,wruiz@example.net,+AIjdxhAU7T_,393 JWE
Manuel,Campbell,ucox@example.org,orh^3R0zHWl4,J23-RXE
Janet,Grant,karenbeltran@example.org,YW+JV1Ckw3Q!,UYW8811
Sheila,Cruz,jennifergray@example.com,&#1F2BWjSA79,MCR 299
Matthew,Jones,paulwillis@example.org,!89beKzY!#g0,53-16340
Caleb,Reeves,warddylan@example.com,(8VPZO_k_zeR,411-ATV
Kaylee,Ramos,odavis@example.org,*2uCAzKEmT92,6-H3927
Hector,Banks,brookeblack@example.net,!Fm)7PMdI$if,1RWP016
Joshua,Holmes,amy38@example.com,_TU%dZF!M7#u,511 TQO
Cory,Barnett,mosesjason@example.net,M)oKpSF8$t7%,HHV 421
Yolanda,Francis,cwebb@example.com,(n47PnnfV^)(,PA-4881
Joy,Allen,adam04@example.net,*g25iDtwkV$W,XBI-610
William,Ballard,johnjohnson@example.net,0C3UTOrYfl)d,63-TT25
Kevin,Crawford,joannenash@example.org,P6)9MxGryIa3,775 1KJ
Miguel,Yang,victoriahowell@example.net,_9Sf^tdza1Bz,81RK1
Steven,Porter,robinsonamanda@example.com,h^TawZad@08U,DF 3889
Laura,Leonard,hughesanthony@example.net,$ap%EwpOK9y%,623-WFE
Tracie,Wright,vwalker@example.net,!jbZQreWm7jd,BZT 292
Angela,Schneider,smithdaniel@example.org,&@&*#aiU0GLp,4VU4376
Robert,Melton,ryanmurray@example.org,#5!Iog+(NpE*,TYV-549
Joshua,Peterson,camachosteven@example.net,6eBV2LbT_3*u,UIE-586
Curtis,Miller,leedaniel@example.org,14s$LaNf$$&E,054 ZZU
Tyler,Thompson,sarah74@example.com,((SHsxKts)9g,VIV-249
Caroline,Moore,kristina03@example.com,QY7pxiDa##GM,CHB 929
Brittany,Townsend,bryantjessica@example.org,bLo$blU6(40Z,657 JYJ
Jasmine,Scott,bruce44@example.org,KTZ87eqm@26D,831 EYH
Michael,Pollard,ruth04@example.org,)RJ*6&AiZ4pA,421 8684
David,Stewart,john17@example.com,6(5Imeruu_TP,VPW F89
Victoria,Smith,kevin34@example.org,*SHIFIxJQa1A,7TZ3616
Kelly,Bowman,aguirrekatherine@example.com,*7uVEas(kwbR,NYF0340
Sandra,Eaton,elizabeth43@example.net,Go17y@dw(6+F,ZOD-0107
Derek,Peterson,fbarry@example.net,&S9+Y@YrOmYB,7VM R44
David,Conrad,tdoyle@example.net,w!pP2PBeW#A!,5-83631
Allison,Ibarra,swatson@example.com,@7r5$Zln$Ad1,3YQF 69
Rebecca,Powers,kimberlyunderwood@example.com,9AMs&jFD43+V,44P 5754
Krystal,Schwartz,jose70@example.net,u#!EkyaBsg2S,U98 3NO
Jeffrey,Nichols,micheleheath@example.net,yi0Seug4EO)s,LZR0966
Robert,Barnes,ldawson@example.com,*y0h$Nd(J0Cg,FLL 604
Jimmy,Wilson,william47@example.com,g#K2K+dqf1bG,LP5 G7V
Sabrina,Ramirez,charles22@example.com,@S2O+Bqlg#8z,232 NFK
Charles,Sanford,haustin@example.com,F#VRXczxM#M7,PQ7 G2N
Beverly,Reynolds,donnachung@example.org,)3J$fhhavQ00,199-NTQA
Carla,Andrews,coxbrittany@example.net,@o%H7XfaydRk,TRB 0957
Ashley,Burns,danieljill@example.org,586AnW*p#%7L,KXZ 962
Jeremy,Roy,jrose@example.net,APNOjsXs@m21,538-BKO
Timothy,Zimmerman,fmorton@example.org,)0JBQxKe&id3,HOX 502
Allison,Martin,jeanette40@example.org,A9+4Ktic)&D9,YHJ 349
Natalie,Lopez,ihunter@example.com,Gm7$ZQYxMO#b,QH 38363
Christopher,Jimenez,tanyayork@example.org,f%7dwDVwTFvG,02Q 502
Kathryn,Horton,brittany47@example.net,&YWTzg0d(3FC,237 0HK
Frances,Silva,cortega@example.com,aOI0#5WoF_O(,56YT614
Sarah,Mullins,burkematthew@example.com,g24++Y&sg_$4,FRZ 773
Stephanie,Hall,ronald80@example.org,d$6Jdm!jzNGY,0613 EZ
Angel,Guerra,davidgonzalez@example.com,_8%lJF*aKA8Y,ZHN 0906
Amanda,Jones,gregory48@example.org,_gDOW0Thy2BV,7-V6185
Benjamin,Kelly,jessicafreeman@example.net,ed+kVmlGC!R5,KTT 465
Henry,Jackson,janelong@example.net,3z%5Wmcs!YN_,T75 4RK
Roger,Delgado,jprice@example.net,pz@xAQflod6i,DOI 063
Edward,Crawford,xsimpson@example.org,+06Wko@obI0V,E35 9IC
Tyler,Freeman,delacruzelizabeth@example.com,@i0Z%u4cP8Yt,14F 7951
Eric,Watts,sara59@example.net,jU&YjQ2qsj5f,OUE 832
Anthony,Salazar,christopherfranklin@example.net,#*bGoW2pat8o,CSC-499
Anthony,Fritz,buckamanda@example.net,Khw9UjE!%Xv3,32G•878
Janet,Garcia,patricia19@example.net,%PbdaDcWmo_7,2VQ 394
Heather,Li,amanda06@example.org,*4fHgs4c+A2s,244-GLW
Nicholas,Padilla,plopez@example.com,2M@2Rdq__naM,BZT 785
Erika,Davis,dianemarshall@example.com,KNcT@yGZ&35I,ZOK-9207
Brandi,Rodgers,ygriffin@example.net,dGNjHs4m_50V,760LFX
Roger,Long,catherine58@example.com,gx_XpKn2%6LA,032 SAD
Jennifer,Gonzalez,kimberly86@example.net,_W3qMrdeT%P8,438-SEZ
Marie,Moore,crystalbailey@example.com,$$H3sBcDhe*_,UZ 56916
Andrew,Miller,nburnett@example.com,Hs)K0qCtHIWy,197-ARNB
Crystal,Atkinson,glee@example.org,()7IRK+yp%7R,17-60331
Jacob,Cook,jacquelineleach@example.org,t65H&qxw(b7^,875FSK
Michael,Zimmerman,twelch@example.com,*O54n(3y1YFt,K74 7BD
Tammy,Duffy,heidiwebb@example.net,$2Vs_w7z&UZ!,S27-DED
Melissa,Morales,hillelaine@example.com,@r0&AZztc&3Y,P 335768
Heather,Garner,joseph55@example.com,+@8gUpd&1Rru,WN5 C8K
Jennifer,Fischer,dbarker@example.net,3cN7Mzk!^Cps,XEN 956
Sean,Evans,woodsjeffery@example.org,PzlOe47K_z5Y,BJV-2397
Alexa,Green,aliciagill@example.net,$@^3MDjBR46C,3FJ 504
Christine,Macdonald,robertjohnson@example.com,3EtLQ_cjD(*8,DJ 11749
Maria,Smith,austin76@example.net,$e+X)t!23zIA,8VVR 89
James,Blackwell,kevin49@example.org,H392u19o!*TT,R22 3XE
Leah,Morris,brittanyjohnson@example.com,Vi1raGay6&g3,452-HVS
Jeremy,Kennedy,xmoore@example.com,jA8K0Mlx)9Uv,1XL N30
Mary,Young,bettyschmidt@example.com,K1fn8h@o*fVY,JNM-129
Amy,Freeman,kathy90@example.net,_rQpxhEI2l)O,L65 3OT
Roberta,Colon,jriddle@example.org,Ehj(Jkih%#0P,TDW-7405
Whitney,Burke,scottrobinson@example.com,n7fFLv6r!2Q%,U18-MXQ
Larry,Skinner,estesrobert@example.com,SUwN56glU$w1,1XXI937
David,Miller,jwhite@example.net,)x4pNjlz+@AN,681 YSH
Christopher,Leach,caleb26@example.net,&T06Omd_dPF1,3-L6033
John,Guerrero,whitedaniel@example.net,6!2PIyPcL17R,2W S8533
Lynn,Henry,kerrashley@example.com,lG$aR6KU)3Et,58D ZB1
Darius,Brown,jhamilton@example.org,!jzUNMuBP355,UUP-4745
Katherine,Walker,terryjames@example.net,v)6HlXz3@9P2,22ZI7
Brenda,Lopez,shawna99@example.net,#9YoXxBB#@B0,1AX3038
Franklin,Gallegos,jasonmurray@example.com,^#bT^)y^C2St,HXK1339
Angela,Moore,ronniecarter@example.net,avZ1ssPe^v0M,17-V109
Jared,Burgess,lwebb@example.org,$g6CCCam6&8L,278QJT
Adam,Allen,wbrown@example.com,4ue#OZts7A$4,O63 7KM
Nathan,Miller,williamsjamie@example.net,8ZB7PR)tS*SJ,606-ICVF
Meredith,Farrell,sarajimenez@example.net,u!pM(tKK^O3I,777 7KC
Jose,Williams,gfernandez@example.net,ES9acr(ED$0B,55-60366
Scott,Shields,jwilliams@example.com,iyg)zxeKw+9Q,KWD 164
Gina,Holloway,ymarks@example.org,*7g(GSsD*X3v,O33 6ES
Ronald,Taylor,kylewood@example.org,3vMXXRvY%29J,RBZ 813
Larry,West,rivasamanda@example.com,&2PqEzSu$v4y,80-8817I
Catherine,Anderson,olsonlouis@example.com,*f3NM$OlTY@8,35JC6
Justin,Welch,lstark@example.net,2UO&xi6DVfsN,725-DHDJ
Gary,Riley,michael04@example.org,@Mp&(BHvk*70,555 PZO
Melanie,Finley,sharon01@example.org,^8@#ANxJtOVQ,OCV-8590
David,Avery,pottertimothy@example.com,W#^2GZwq_50D,F 095392
Victoria,Herman,cnavarro@example.net,2b+_Fog*ps83,7O P7395
Patrick,Hayes,patelryan@example.net,L67*EDwupd8O,KOD-654
Kimberly,Jones,gregory40@example.com,kG4CVM@z+M99,AQT-3381
Anthony,King,fwright@example.com,^2wr6wCI&pfR,159 WTA
Alejandro,Doyle,marshalldavid@example.net,%xI2QWgrxOcz,CQF 982
Anita,Taylor,uaguilar@example.org,m&1j9ZYq7H*U,127 RV3
Arthur,Hansen,michaeldixon@example.com,95F4CmgS%70R,7X KZ981
Sarah,Hernandez,wrightshannon@example.com,15Vxihd3_3I0,4-S3955
Michael,Davis,susanfrazier@example.com,&V%PHd^h99Al,463 HGS
Justin,Cantu,vanessa57@example.com,^f)jR4dzA4E#,73Q•258
Gina,Sanchez,bclark@example.org,^GDNTOhtk60Q,VVS-178
Helen,Clark,barkermichael@example.org,H&H9sTp_!GFP,976 RLK
Emma,Kelly,travis78@example.com,m(yKDl&(r43S,659 RXR
Justin,Riggs,wfrench@example.net,k)6Lmyj%_V&I,RZM9614
Karen,Kelley,maria30@example.com,A7(#^fcuIU5Q,94CP9
Megan,Shannon,williamsvickie@example.com,WN+wRDksFdx9,DGL-2406
Shawn,Gutierrez,shawnholland@example.com,J)E)wdbi9b!B,5RG 356
Annette,Fernandez,stevenswillie@example.com,Il$478U8T!3C,NVH1791
Victor,Moran,basskayla@example.net,g_8ZVO$v0xjg,1YS 393
Joseph,Mcconnell,reginasanders@example.net,q^pDpB&G0g28,QEJ 6495
Theodore,Henry,ekeller@example.com,0yeqQTON$I2Z,RKP5577
Angela,Jones,lsmith@example.org,!#6Ftw06fGUP,4KG 978
Steven,Townsend,tammymiller@example.net,E_5J2WDck_QY,TGN-789
Chris,Phelps,russell11@example.net,0qFo)BGr)0U4,K 812526
Angela,Willis,dwayne65@example.net,+1E9hk#(ljPA,7-3857B
Gabriel,Martinez,calhounelizabeth@example.com,x%E4*Ibt4F&@,E70-KCA
Brittany,Salas,ramseyanthony@example.org,(9p$Yji_^dKW,024 RI0
David,Burgess,ggarcia@example.com,5!E0Msjw_6+N,606-INW
Mario,Kelley,pbranch@example.com,^@jMpFqw+2T5,5YJ H65
Robin,Lucero,jacquelinehickman@example.org,5wZex3FS&7u6,TXT-0441
Ralph,Gardner,fjacobs@example.com,otHVb0Hkpz&),B57 1TQ
Bailey,Cain,sherry55@example.com,+7WurVf^Jk(U,43E D73
Allison,Murphy,mark54@example.com,8Nz2UGMfA*J7,788VLC
Mark,Harris,wendyclarke@example.net,@5Yu0C@*@HXn,AS0 9479
Kaitlyn,Rogers,belldestiny@example.com,7r46cslC+gWB,933 KRO
Christine,Ball,christie95@example.com,k@5FRerb$vSZ,952 ZGO
Jessica,Vaughn,nguyenkaren@example.net,V9Hb+Fcy^$H!,4PL O24
Edward,Morris,levyhannah@example.com,*j8mxRf0Gd37,ZTP 341
Lori,Brown,martinezpaige@example.org,*S3VUD8aU&kd,HOM 341
Joshua,Thomas,ohall@example.org,1UY&dS_&*5aV,KXQ 836
Chad,Hill,yhopkins@example.org,vb)kY7PCD(+t,FTF 782
Darren,Dawson,jared85@example.net,#1P*Uxan+iG^,5567
Catherine,Walker,robert65@example.net,2e(MW!*xS&0n,83B O67
Luis,Cohen,mariaross@example.org,$c*45AMv2^+9,7UF38
Alexander,Perez,laurie96@example.net,2wQYc45&+Oby,7171
Brandon,Hernandez,lbaldwin@example.com,Y_TyZOLynH6b,57R 525
Katherine,Mitchell,penaryan@example.org,R%x0J3f8*33M,IF7 G1J
Andrew,Johnson,rcisneros@example.com,#22Q23NrO3Um,2-31209K
Casey,Martinez,christinesmith@example.net,i1JIzdV859!u,GPF 7855
Aaron,Moreno,david36@example.com,+2bsTK+zC^EQ,91K 5016
Christopher,Perez,hjohnson@example.org,392AdpEV%8go,3MYC 72
Jeffrey,Cunningham,xholland@example.org,4xcIpVkd(WDD,214 MJ8
Johnny,Sanders,harrisjessica@example.org,z5h4WKg9_mZx,7-H1083
Jennifer,Gordon,katherinephillips@example.org,!2BwP#MtH8C*,1JU R59
Michael,Medina,cheyennemitchell@example.com,xdeeQi7@@+6R,731 XQW
Daniel,Barrett,susansuarez@example.org,%0(XUXlU*E2y,MGU 144
Sarah,Brown,destinysteele@example.net,3%KHuP)w%djM,ZFJ6991
John,Bush,jason33@example.org,nuMd5ytb%f72,ZAC-212
Jo,Lopez,pchristensen@example.org,aVH76nW*)7n_,6737
Danielle,Smith,linda10@example.org,X#P*Z!Rl*Q8G,EG5 1613
David,Gomez,xvargas@example.net,*7P7VMn)i1Z1,9191 MW
Molly,Taylor,njohnson@example.org,)5YX8k2_bgVf,598-222
Natalie,Hernandez,hhammond@example.net,)+G1SDoyhXfS,2833
Cindy,Miles,carrollrobert@example.net,454vlu2u$tX!,4DR 338
Kathy,Lynch,gordonvictor@example.org,+Ks)(9VfPQ$Q,1E 65471
Crystal,Rivas,lwheeler@example.com,H*PL)tPol5PA,JNI6915
Justin,Anderson,smcmahon@example.org,3AsChmt5!SSO,V24-HSH
Kelsey,Peterson,stefaniejordan@example.com,ehhhV@3AV#J4,AKY-758
Brenda,Mitchell,tanyafinley@example.net,Lf0SvXxn+Ml8,YL5 9402
Richard,Duran,thomas62@example.net,+1M(#2dEO*7M,FBZ-521
Melissa,Peters,gregory83@example.net,_VTYcvLrz4yz,72A O39
Kristin,Hall,vstrickland@example.com,#@KdT(htaU4u,400A4
Leslie,Mills,angela82@example.com,A41^Np(!i)2Y,ZMN-998
Timothy,Mcmillan,pmoore@example.com,7MdD*hm#@bqP,014-ZFP
Susan,Watson,donna56@example.com,x%W#+AXj9d13,196-WKB
Sarah,Walters,arobles@example.net,TL+WZCzDyF4t,QNI-4435
Molly,Martinez,lisaflores@example.net,UT88R7Id_bC$,5BV B39
Nicholas,Torres,mmurray@example.net,_CK&gyF(8%X^,YQD 146
Jennifer,Strong,samanthawallace@example.net,vi4Y97+1F*7&,GIQ 948
William,Anderson,tbrooks@example.org,w^vdxEdr+38J,816 DUB
Brenda,Watson,kevinbates@example.org,qra&6Til7!OR,4-A6448
Tonya,Washington,amandalittle@example.com,2l(@l9d^D4mE,UEQ 760
William,Baker,bauerlauren@example.org,VY7YCzfP@2KL,5F 21256
Jonathan,Long,hrojas@example.org,sh#4_q80I^6Y,6KK 336
Tiffany,Singleton,lewismichael@example.org,_3gTV2zkX3Iy,U 755323
Joseph,Powell,lewisjennifer@example.net,&!9PlzJFxY6X,WBX-6061
Omar,Arellano,sadams@example.net,dFvWsW7f)0&y,1T 9S0TMC
Lindsay,Bishop,pammartinez@example.org,$Q1kURcz!G2F,121-336
Kathy,Meyers,qschneider@example.org,bt^JMOa6P_T3,196-495
Steven,Waters,ahenry@example.org,h+uKg3Ux_Qq6,3U CK159
Sarah,Long,laurie47@example.net,(JbaRwfUC6Hp,UPZ7286
Clinton,Rodriguez,haileycooley@example.org,lF*8g4Kv#Ic4,5-41867V
Melissa,Bell,tbrown@example.net,3a54w+Fj_HuO,165 BBW
Sarah,Obrien,barry49@example.org,BC8cUPGjK%4Q,367 KGI
Cheryl,Miles,hardingstephanie@example.org,)i3QEIjhZoJ^,66-T666
Thomas,Lee,jesus38@example.org,_cKKZrG&fGu0,115-YNA
Sarah,Colon,timothy59@example.com,#cJc0qSpC04z,9IHU241
Alex,Barnes,johnsonjay@example.org,$wTh6PiyYG3e,ZDI 2032
Melanie,Murray,vickie55@example.com,&5UvCJm93W8T,662-RCD
Katherine,Wilson,robinsonvictoria@example.net,9tWES4ro(g+X,090 QU8
Jacob,Macias,epena@example.net,XO#rfrWzXGL5,EVP 775
Scott,Jackson,fgomez@example.net,rwqT+LmZ)1hK,KNA6673
Amber,Espinoza,dbaker@example.org,+3BS5P9Pv2Rb,753 MWL
Sarah,Brown,jessica74@example.com,k2S2mk(c#5X@,NH 1246
Alexis,Davis,alexis93@example.org,_6ueimmC26Tm,8061 PX
Stephanie,Guzman,ujohnson@example.org,D5l*s4Cg%I6%,6BWW124
James,Williams,sgonzalez@example.net,Es1IHws38@*K,3BOR 80
Sharon,Mcknight,andersonmichael@example.org,pX^7V^WaUFc4,383M9
Kelsey,Ramirez,gregory67@example.org,iiJ)Xn5wdaA8,2QQK 35
Heather,Foster,dustin76@example.org,f(@Ykhtl5(2n,963-UBO
Bianca,Martinez,lukehansen@example.net,71S$yI7bvlEP,ZMO 388
Marie,Daniel,sophiawilliams@example.org,s&6XmzUKqh%3,25Q M46
Alec,Nguyen,phillipgrimes@example.com,_GEuRByd6aA0,KE4 8078
Jessica,Kim,harrisonadam@example.com,C+rFYt)p4e7),3U 9585M
Jason,Peterson,vfreeman@example.com,1%2eXlb6^&xR,BB-0963
Michael,Reid,tammy89@example.net,!1@kOo5WfkKe,RVO 9343
Christie,Key,washingtonjoshua@example.com,C51klXwnJo(!,111 KJT
Stephen,Grant,mscott@example.org,N!BRAjbsdv8%,09J O46
Cole,Martin,rthomas@example.net,*NEFL^BXo4kQ,C65-IGH
Timothy,Williams,vaughnlinda@example.com,+%7uij@5PfN1,4CG 633
Heather,Kim,ljohnson@example.com,K!r7Gxqa&(Ui,108-YIM
Holly,Maldonado,whall@example.net,my9Kw5tI(Ave,560 8AN
David,Kelly,ydelgado@example.com,9ImBWubR)2DZ,LOM X58
Dana,Anderson,lawrencerichard@example.org,0^AnXP2h(@2N,661LB
Charles,Smith,johnreyes@example.com,FPuBcQMs$J0q,OWQ-311
Kevin,Young,collinspaige@example.org,G)ZrOapq@8Au,6U275
Jason,Smith,nicholasanderson@example.net,Yo(FMyMGyH1w,090 NLD
Renee,Ramos,samantha52@example.org,72Wa)jRM&kLi,HCX 429
Jeremy,Wilson,larsoncharles@example.org,WF45cu*_u@!R,ZOG 759
Alexander,Leach,wardcolin@example.net,)_OXF@(&)0qo,JG 39433
Nicholas,Edwards,arussell@example.com,X&#0e$UCsn1T,REP-313
Andrea,Webb,fnelson@example.net,l(+0qAq11A0A,HFF 817
Alexis,Harris,millermartin@example.com,Pcv4Rv2u_#5@,QMZ 919
Miranda,Villanueva,rickynoble@example.net,mVJ)7Xr^!Ql4,829 KD6
Stephen,Diaz,penningtondavid@example.net,*2KDbS*k^z!e,DSF-123
Theresa,Jordan,meyerjeffery@example.net,0$yPRbLbkp3%,KU1 6574
Theresa,Harmon,nashjonathan@example.org,aWl6Eg4ssP+L,87E T35
Joseph,Ramirez,jessica80@example.net,LEa#GGi*$x_1,091 4175
Cory,Chavez,heidi43@example.org,C5z6Frrg%6_5,ARS 256
Ashley,White,kennedybrad@example.org,&7a4jFk*EbNk,CHZ 009
Connie,Howe,kathryn68@example.com,T1U!sRi@x1nO,Q41 0DH
Matthew,Hernandez,ycampos@example.com,1df(8_Wt)2Z_,882 LUU
Lawrence,Hernandez,mccoysarah@example.com,9CFacfvZ@gAg,SV2 4874
Patricia,Vazquez,suarezjennifer@example.org,&9pB2RZfJCYA,744 SNA
Tiffany,Trujillo,yortiz@example.org,$43BEjss6e6d,S48 7DP
Christopher,Perry,clarkjoseph@example.net,oSDRtWkdFR0^,C29-UEX
Lori,Jackson,sarabennett@example.net,B%0jGp1s@U6L,19I U26
Robert,Curry,boydbrandon@example.org,%ECadZ_I2(W_,ZRQ8336
Mariah,Flowers,timothy77@example.com,g_V^60Ar2Z*g,366 KTW
Carla,Hughes,yolanda57@example.org,RADFWO$y^0+S,5-26493V
Christopher,Duncan,jack87@example.com,(bnmyKF%44GT,225IRB
Sandra,Ponce,finleyemma@example.net,1!@(o&qP^7EX,3-5564Q
Tony,Brown,tiffany66@example.com,a0dd$1FuT_8z,4UN0067
Elizabeth,Hill,johnny04@example.com,wG+a9Jw++NoX,LFC9537
Cynthia,Thornton,dwayne91@example.com,@teJm3JE)!1P,X 188627
Samantha,Brown,lopezmiranda@example.org,tE&L5^tv(7nE,GJU8431
Jeffrey,Peck,tharris@example.com,_fv_pyBc3Q0J,50-JJ66
Gloria,Jones,jeffersonjose@example.org,)l8MDyq9Bt3I,8BP G46
Russell,Rodriguez,weissdonald@example.org,FAN1R2wsnJ(U,KVO 063
Edward,Beck,zpetersen@example.com,$SV1P_nvhL1i,YVC1672
Christine,Woods,uwilson@example.org,^$b9VoLtIL)5,RF4 O3D
Hunter,Jackson,sandraruiz@example.com,fueeCyufI&!2,DNG 280
Jonathan,Bell,sueshort@example.org,&$JBoq0g*s7D,891-406
Richard,Lee,savannahdeleon@example.net,u&fZfr!*R76v,815 YSI
Lori,Anderson,ramirezwillie@example.net,$6^bO7y%cT+4,59R Q95
Marcus,Mccoy,thomassalinas@example.org,3*I6SotAeKj$,FQE0208
Eric,Herrera,jeannebryant@example.net,L%YBZ)DaUd3L,8045
Richard,Shaw,rothanthony@example.org,@xpHzn0HxPm7,2F732
Nicholas,Chan,robert32@example.org,j+BK%HnFI39&,IYV-3625
Madeline,Norman,tammyclark@example.org,FkU#f#bAx04F,973-ECGK
Erica,Camacho,cynthiamolina@example.net,vnYHAG&P_5oG,Z64-LZY
Lorraine,Morales,janet37@example.net,$)^_Kn2mKo7W,XBG-8517
Ronald,Perez,julie03@example.com,)h5QQRmimJZj,2D QQ228
Joshua,Navarro,victoriahowell@example.org,1K5HLofi%Ukh,722-SZE
Aaron,Martinez,jamestaylor@example.org,I$xTUno!#1EY,0PP1605
Christina,Miller,jeffrey14@example.net,t4ROm^G+*&qJ,VCC 951
Tammy,Lee,jaredbest@example.org,1c%m0uEvC2L8,YVW 510
Ricky,Bradley,austinstephanie@example.org,&aX67^Rf*&0d,2X 4247E
Brad,Ford,darrenward@example.org,v#5o3al#ssYC,MAV 762
Christina,Collins,rnguyen@example.net,^vRAlt@y@3Q$,HHW 844
Zachary,Johnson,roger96@example.net,z_8%OH9exmN#,TLJ-803
Luis,Chen,eric49@example.org,sO%QBv4^$W9X,4NV0546
Marie,Mcfarland,richard90@example.org,!zCDzuv2$%0_,BT-4553
Pamela,Sanders,ebean@example.org,!ueMw@sk)rQ0,HQD-522
Kim,Moore,roseyates@example.org,H35taoXP+_Xo,ZUI 108
Allen,Castillo,zdudley@example.com,nM8M@bxU@2Ki,8I 7776N
James,Wolf,nicole47@example.org,bCXn4WlmH^t6,440 0XO
Cheryl,Reid,dnguyen@example.net,&AJs^hVN65Rd,8-41956
Monica,Zuniga,brucereilly@example.org,LW&xvVusA9h3,DGY-0868
Robert,Morrison,denisesimpson@example.org,YGAb02_T)1uI,N08 8VB
Jermaine,Thompson,nmorton@example.com,M8t$T0ThFh7V,4-O9549
Kelsey,Johnson,kristin95@example.org,%6uN)ncjRxhX,595-UJV
Jeremy,Smith,hsmith@example.net,oET1&YqN+NKs,8G 9495Y
Stuart,Smith,leslieshelton@example.com,tUPc7kPH_60T,97E M85
Anna,Sullivan,wsmith@example.org,@5QSdE_5_%s),7-26075G
Sheri,Watkins,brownsamuel@example.net,L_8RGdvOX(A0,9L AV602
John,Warren,williamsjennifer@example.net,N8jKt72o@03Y,512ZHO
Whitney,Martin,julie56@example.net,FgtpFw%N^H7X,7JG 722
Allen,Scott,lindsey47@example.org,s7fFDz3xwjn#,ZCO 164
Lisa,Lee,timothythornton@example.net,p2)Z73KC%TKl,K61 7UM
Valerie,Myers,robersondrew@example.com,ht7AP$jX@4W^,5J 98878
Melissa,Gallagher,clarkkevin@example.net,+tlxpILL&80j,JOF1490
Amanda,Richmond,keithashley@example.com,y)VXZGNv_l&3,852-UBK
Diane,Palmer,jhudson@example.org,%49XYmtCEbIp,WPH-136
Amber,Osborne,amygibbs@example.net,y9MMHtnS1!Y9,MCG 732
Jason,Spencer,randall25@example.com,h&aeO$Zeyx7E,631NXM
Alison,Stevenson,vaughanthomas@example.net,_V8D8z5O)MZL,130-XRI
Donna,Harris,gilmoretaylor@example.net,5zF^g3g2CmBy,3QJ A72
Kimberly,Gibson,brendastephens@example.org,_BI9*GbwtW1m,836646
Stephanie,Cole,nrobinson@example.net,Iur#OCGm^G6W,Y29 4SL
Candice,Rich,ryangross@example.org,#C!7lRrv60lR,FGA-2182
Erin,Carroll,jessica82@example.com,kv0AXj4I!CIx,521 8TI
Jennifer,Ali,moranmarvin@example.com,Lx(CZe0O_73A,S 257599
Angela,Smith,qpatton@example.org,)^KR9xGN14w9,BJT6858
Kathryn,Nelson,rebecca78@example.org,^55YebZa_Qb#,8EM33
Gabrielle,Barron,xpham@example.net,^Kp(LQHjii5L,4HMO178
Bridget,Martinez,payneroger@example.com,u(6z*%E(jxVx,B55-SBE
Tyler,Hudson,kiddstephanie@example.net,Z5qBhBa^_xCO,YBZ-6240
Todd,Garner,xsmith@example.org,R$L^gfOTYh2J,8T519
John,Oneill,lwalker@example.com,kC8i_63w&7Cc,ONY-114
James,Knight,elizabethsmith@example.org,_LiwLAhy4RKH,924 QNR
Victoria,Holland,currykayla@example.org,It+uLyM8%5Se,QZV-8919
Patrick,Howell,lindsay93@example.net,&GIQf)rS%43L,13-JD59
Melinda,Fowler,rmata@example.net,+V8PMq#dr$8M,5JX0820
Dorothy,Rodgers,bthomas@example.com,6F0v^Gs5W&zn,4-54253J
Isaac,Arroyo,jason85@example.org,86WLbJNne$Y&,KD 47124
Thomas,Taylor,john05@example.org,(0RMAbiFxYBD,098M9
Bryan,Montgomery,chapmanmike@example.com,&4NbQ8NDVDPy,QN3 U5G
Amanda,Whitney,ganderson@example.com,9)+36MtCw3@n,PGH 965
Samantha,Gardner,dvillegas@example.org,4@r^mp1x)6oG,QSA-7041
Stacey,Stevens,dwhite@example.net,m%&C+PZsd43+,YRC 919
Sharon,Robinson,bakermary@example.org,$i@6VFck*et7,872 VHI
Terrence,White,james34@example.com,((Zwibgbw0OW,XGJ 663
Tammy,Williams,hgriffith@example.org,OQ)U!Mw4)y2P,ESP-197
Anthony,Gonzalez,padillabryan@example.com,WF@Wcku+P46$,336ER
Angela,Martinez,kathryncampbell@example.org,n+2++ZoT0TwR,ANM-8607
Denise,Collins,patelbailey@example.com,(dbtzbW7*4D+,8C 5551R
Jonathan,Baldwin,hollowaygrace@example.com,YjLTfLon*m4E,YXQ Y47
Kendra,Anderson,kclark@example.net,+Ei+srmqX8U3,GPW-664
Ronald,Ali,millernatasha@example.com,@1EX&HoFP6A(,5W 5811T
Sandra,Smith,cameronmorgan@example.net,&78akdWGDNFz,4HJ 468
Samantha,Blackburn,adamterry@example.net,F1B6dLkl#qzU,3Z 9D7RJV
Bobby,Rojas,mooremelissa@example.com,0+zYNIx%2(47,574 HDZ
Devin,Shaw,shahallison@example.org,n8K8Uk)Yr!7!,56P•918
Frank,Barker,martinchelsea@example.org,m%1J(MEaz@aV,1-18614J
Stacy,Thomas,richardramirez@example.com,_YVT)K8hv08N,42L 070
Sandra,Short,grahamcaleb@example.com,)2CU2@nV!7l3,TL 77775
Derek,Kelly,natalieguzman@example.com,n081FARgb+_N,9JT3149
Kristen,Valencia,tonyaspencer@example.com,%gTQMz69F3kM,1M364
Susan,Stewart,mccormickjeffrey@example.org,eO6RIjCF1_56,QCW-2771
Michelle,Kline,louismullen@example.com,#ErXIbPqV#42,58HP9
Angela,Morris,michael54@example.net,#H9le26de(gX,DI8 L8I
Joel,Marshall,emartin@example.org,Syn3EVyew%0o,8901 LH
Shannon,Fuentes,zsanford@example.org,BUs&7KUcDMw2,3H 4I8BDT
Jenny,Reid,teresashort@example.com,%iyrcM#^4dOX,461 0CO
Luis,Le,derickson@example.net,14t7J9Bc&dzP,FZG 845
Isaac,West,emily75@example.net,D&79On1vHo)!,798 IOL
Jeremy,Price,henryrichard@example.net,$UeTtKl2@M81,401 JBD
Jerome,Lopez,aadams@example.net,CDtV30Jl*E7*,5D 6523D
Terrence,Avila,huntwilliam@example.net,#iY+vi)o1*7c,S46 7YS
Christopher,Kane,jamie75@example.com,_q4$Qw%n+&DN,879-OCA
Brandon,Stuart,melissa32@example.net,Y(L7DQa0+16r,G74-RCL
Kimberly,Hubbard,zbarker@example.com,g3vvB1$u!wM3,038-LXM
Daniel,Aguilar,jose15@example.com,g8Rl6RKQQJY!,BJ 68627
Samuel,Collins,oray@example.org,(^ZDjn_o51TM,859 9IN
Kelsey,Lewis,pruittelizabeth@example.org,$67M^5By5ssf,N33 1KP
Jason,Ruiz,marksvictoria@example.net,9W2Nfu$oK9L_,HJK4729
Julie,Roy,mark08@example.org,u4hSYSd863Q!,ZYT 530
Brenda,Clark,xjohns@example.org,h+^uOexd6#a6,281DCZ
Jose,Rodriguez,jacob78@example.com,!jUaW$^D4Daw,555 6785
Dean,Fields,williamgates@example.org,Eu0)8XZdxDe^,146-FAR
Denise,Griffin,kathysims@example.org,M&55ROi7p^UM,O04 8JD
April,Hampton,kathleenbrooks@example.com,I+XW@Jyyf88v,KDT 859
Brett,Silva,uparsons@example.com,&@3NCe@s1OB(,332 JNA
Heather,Matthews,jaime43@example.net,L2#BUmy7^%6x,JI2 N6V
Christine,Johnson,evelyn24@example.com,0#6ESkaf951k,673-GDK
David,Drake,wgibson@example.com,&7@Mds8gRcE%,S91-40T
Christina,Ellis,bishopkerri@example.net,&_1k4lfu%JW7,80I Y07
Daniel,Flores,ygallegos@example.org,EM$0Df^*E4p0,2R 1U3UBX
Michael,Gordon,bortiz@example.net,!)HLUIkJV4B6,8PM C83
Angela,Brandt,wilsonlori@example.net,*QKRIWeo7mrN,W65 6WB
Jason,Bates,hillphilip@example.net,^Y15K%bj%8za,QV 27892
Eric,Ray,mgates@example.org,prj*jJtLo&9h,3-Z1120
Keith,Reed,hayesnicholas@example.net,bh1GHe^Xy%Ow,986DUQ
Rickey,Guzman,stephaniefriedman@example.com,0)8YTEw#cb@l,KMU 395
Robert,Brown,jconway@example.com,^WIW^!5BO3l&,ECB-1701
Vanessa,Gordon,scampbell@example.com,^3s7GohPxYEO,8IL0805
Cheryl,Sawyer,elizabeth82@example.com,t$tbI6GiqCd8,254-TKO
Ian,Moore,stephanie29@example.com,4r5JVz&B$73),9KCZ 03
Sherri,Rivera,tanyajones@example.com,FZu%gnXs^4nC,84WF940
Casey,Cross,cbenson@example.net,m4YcEUEd(&tZ,819 KWD
Adam,Stewart,tgonzalez@example.org,dtI+SQToC94Z,503 NLG
Kayla,Moses,charlesgardner@example.net,W8Drf(%g@Eau,TSR 313
Jaime,Glover,dwilliams@example.net,@$A7iHz$1k1D,69Z G43
Nicholas,Davis,ehenderson@example.org,VTWBbJ@G^cw0,7Z PQ197
Elizabeth,Phillips,mariahwhite@example.com,%0XBg0IpJbh$,IIF 349
James,Castillo,victoria85@example.net,%1G1CBEu3&lc,ZXK 256
James,Anderson,vchavez@example.net,2F1k(*qY^dC&,638-HJGL
Jason,Gill,whitetimothy@example.net,^CtaOe%!Q1L0,LI2 A0S
Danielle,Powell,charles99@example.com,o%1QpquYcd+L,BHF-1724
Ryan,Bowers,smcintosh@example.org,@2v8lxuRP!lG,465-FFD
Brent,Koch,hernandezedward@example.org,84(0I^bv!VT@,QGY 540
Steven,Rosales,egarcia@example.net,+J1Zvse&Vwk(,TCD-9177
Brandon,Barron,valvarez@example.com,(beUm(9JRd6_,31Y J43
James,Morris,yoconnor@example.com,L#c2Nl3yCCFv,012-JEFL
Carla,Duncan,justinpena@example.org,ZD0u4+Qy*3&T,72Q 781
Tammie,Perez,weberjack@example.net,*vK2mUW7C6Hs,YSW-6908
Jody,Walsh,kshaw@example.org,g7Nh2F(x&iy1,Q60-JAH
Sara,Allen,philipbishop@example.org,5z5&*3@o2fT$,GEJ 086
Javier,Scott,stephenpowell@example.com,#9Ke(cO7Z4+_,342CJB
Jennifer,Kramer,lsimmons@example.net,36O!JYcd$28e,4NP 717
Mathew,Perez,tanyakim@example.org,6%F4$Ck^v%p&,319 YAD
Lacey,Fleming,foxstanley@example.org,bEL%q9Qhf2JN,R49 5EX
Alexander,Wilson,jasonsmith@example.org,S$7$3Sem*bp5,7GB 315
Taylor,Barber,sarah24@example.com,T#XYzO)66e7S,OEH-445
Mary,Walker,joshua30@example.org,MG5OcH@p4+em,9120 YC
Douglas,Coleman,wagnermichelle@example.org,_rKP2+Jm3q4%,057 JJT
Kathleen,Bailey,tannermelinda@example.net,w*0BPWarJMyI,LPK 451
James,Saunders,jsutton@example.com,)m)#)NpcD3eT,GWD 932
Kristen,Matthews,nsimmons@example.net,R&hPI7bFxR4N,055-030
Nathaniel,Hoffman,brianna63@example.org,qD+9(KnbbRGV,8-6965J
Joseph,Rodriguez,garcialorraine@example.net,%pI+v8Af%t_1,7FO A97
Tyler,Mclaughlin,cooperdavid@example.com,Y1Jjc*Hw)gK0,7P507
Lisa,Lewis,chengeorge@example.org,JWe2CoHw#j+M,026 XB2
Jacob,Shelton,albertchoi@example.com,318MZfvY@iHI,207E
Clayton,Decker,gphillips@example.com,CX!4VKCex%rC,089 UJ3
Angela,Green,alejandro58@example.net,_0QWNwxtDYmz,924 4SJ
Nathan,Cox,adkinssuzanne@example.org,yNv&I+Sm@33E,739 MJU
Rebecca,Davis,bramos@example.net,&_G052nc@YfS,43-5754A
Gregory,Wilson,jane73@example.com,yKGDI#hs_0!#,KMS 821
Todd,Nash,aaronfitzgerald@example.com,*l@8KRhpd(!*,763EIS
Patricia,Frye,michael44@example.com,$B3QoAfS88Ss,8QY 010
William,Vargas,krystal67@example.org,@1fY*ik8)OJN,322 HTP
Thomas,Sutton,qbradford@example.net,#QG!kD6%3mAZ,38A D00
Michael,Palmer,travisraymond@example.com,!3z%$GcNC7LZ,827411
Kari,Foley,veronica36@example.org,Iq)5AnVZhKq&,SXS 187
Megan,Potter,potterjennifer@example.org,#mEkODws$0TZ,ZIP 829
John,Kline,xhanson@example.com,$NUm72cKzJ5T,ZZU 161
Sean,Smith,qfloyd@example.net,D*M4&VnH*7*R,5LV 332
Lisa,Carter,jgomez@example.net,MO5@xw($Tn^X,C22-OJN
Jessica,Alexander,maldonadojonathan@example.org,f5eHFsGgDn^9,8600
William,Cruz,jroberts@example.org,Iys6WiQ*!$I@,5RP 281
Dustin,Perkins,mduncan@example.com,!Mkra4^f_7Yw,VQM0700
Emily,Norman,ashley24@example.org,D27a^Bsl%R1A,324-BCK
Kathryn,Hoffman,rodriguezmichelle@example.com,*4*jRKkQ2nVb,2AD 654
Tracy,Adams,edward66@example.net,$w*g6Hmm8yh@,OCG6738
William,Nolan,epierce@example.net,6%brHbkz(1Hf,WUS-712
Tammie,Miller,joseph70@example.org,K0b#$2Iefo*S,MHX 221
Kimberly,Johnson,sharonstafford@example.com,$2JQOIg8)Psn,RE-8296
Jennifer,Stewart,craig58@example.com,&D5GiOPc&mFa,2918 YX
Erika,Shaw,diana28@example.com,fL*kgoDw!4NS,01-0908B
Roger,Kirby,douglas84@example.com,*hLSpHkdqG86,UHM-9635
Gerald,Stevenson,alexandriawolfe@example.com,Za5ri3jid(0Q,3-3128F
Matthew,Wilson,julie08@example.net,x$1ECZfk%(5w,9AD V03
Monica,Duncan,wrightdiane@example.net,8!n2Iq%FCg8Z,063 JGL
Kyle,Perkins,bianca30@example.org,)^T44SXl5$6o,977ASY
Jason,Cook,hugheslauren@example.com,$6HhjJaA57Im,2X I7654
Christopher,Turner,kevin04@example.net,L)42Abm_v)dq,740 DKC
Ryan,Ferguson,megangentry@example.com,w+it8ZnaH@*a,FWH-1048
Cheryl,Terrell,jacqueline50@example.com,+gM+GikMl!8#,9YIC528
David,Tucker,lfuller@example.org,tHdHd0tL#Y4I,FNG4865
Michael,Dominguez,christinarocha@example.net,^VV2SWyOWT+#,0708
Teresa,Jones,sgarcia@example.com,UIUZuyOo#6)K,823-RUB
Jessica,Jones,lmoore@example.com,U#Kg4mCv*#LB,95XR561
James,Olson,hallderek@example.net,T79n8K9gC%@^,738-NND
Lindsay,Harris,william33@example.com,#5C%NeTaE%7g,95R HB2
Thomas,Odonnell,cgomez@example.net,#)7AzwXMR5St,685 QY7
Miranda,Chavez,bentleyjustin@example.org,#9uNq(jjkD_E,TB8 T4Y
Ernest,Hahn,rachel37@example.com,8g017FCeG#4x,MWC 489
Jonathan,Hamilton,bmorales@example.com,$i$&9Wi*!9jy,KYO5559
Jacob,Weaver,nancyanderson@example.net,qk6yLy#y*5$#,199-SFF
William,Anderson,charlescasey@example.net,y(W3GwKfLr#h,0OT6791
Michelle,Carter,garrettjason@example.net,kIpQY_wb#2yZ,XOU-500
Steven,Cooper,thamilton@example.org,^pv0wBJNu9Vo,04L•280
Jason,Jackson,tiffanydavis@example.net,##r4RIxxo6JL,930-YWI
Robert,Gross,taylorsparks@example.org,M4p^SPvm)I&W,451V
Dawn,Fritz,blevinsangela@example.com,INct@3GzGuW&,689 JXZ
Steven,Sanchez,benjaminsamuel@example.org,p2wNc0_0(DQc,55O WB6
Walter,Harris,sylviagordon@example.net,)2gY^4e6kQus,RBT-024
Jill,Salazar,steven73@example.net,^z9ASfHkDoOS,087 GEH
Ann,Long,cflores@example.com,#5n6!FyShFMh,H40-QZY
Tracey,Palmer,charles37@example.com,82FyB0j#!W5U,0RR7142
Angela,Bryant,kent57@example.com,nn4rkFu%$H*P,910CH
Jacob,Rodgers,jefferykennedy@example.net,T9kYT6Bm!jNq,560XKF
Robert,Torres,robertjones@example.net,y*QeoA_un15T,12W E44
Jeffery,Reyes,hcampos@example.org,#c3OMTq40LV5,93Q FP1
David,Coleman,laurapetty@example.com,k9FMrGm^_LVa,494 QML
Albert,Brooks,fhampton@example.net,Bj9(#d@CGJR^,UCO 705
Scott,Smith,jamesjones@example.org,T8RyGFosd&9D,X 928215
Kenneth,Waters,ofuller@example.org,F1A^F4a%+amz,854 XGC
Alan,Ramirez,desiree10@example.org,t4D*1*sL#F7S,IIL K84
Emily,Ferguson,hudsonjoshua@example.net,(6e(D1dD#X5P,857 SYX
Jennifer,Walker,cmcfarland@example.com,^1wla#5e$8Wh,062 GQS
Justin,Jenkins,uruiz@example.com,0AdSLdsFib6%,EU 5664
Joshua,Jones,kwhite@example.com,do_s@puTgC0H,166S7
Roberta,Silva,underwoodgrace@example.net,4n1J^zsWR!(R,902 BSG
Stephanie,Wheeler,daniel31@example.com,KvwWXgf2(2JK,738-NAQ
Mark,Rios,frobertson@example.com,TV_Be4nb$8*l,H 653024
Matthew,Clark,billyrivas@example.net,(0shyqPK#oXM,454 BGL
Danny,Montoya,manuelwatts@example.org,b84QP7mV)IpS,346PJ
Troy,Thomas,monicafreeman@example.com,(!eYPaIo%*H1,693-WTD
Lori,Robinson,karendonovan@example.com,!#@OEhvzAMX7,648 XEG
Amber,Edwards,davidturner@example.com,Fsp%7cCvb_k4,LWM 903
Patricia,Bradley,tammy20@example.net,9yJmp8Ub_ptl,50-2578N
Meagan,Tucker,kayladiaz@example.org,^8V0ZXrB((#3,TRH 628
Kyle,Mckinney,barbarawood@example.net,)u@c7ivHR6kM,3-Q5285
Monica,Johnson,alexander51@example.org,(5AiPFHXV094,FF-2824
Christopher,Wells,teresa65@example.com,)_1Mqy5p#3I0,4-22777
Traci,Gomez,jeanettezavala@example.org,E7jHjn5i#4E),DLI-843
Christopher,Hodge,hferguson@example.com,&2Q%Q*gjwRK7,06U P47
David,Ramirez,xmitchell@example.org,#IIvx%%+3@O3,59S 318
Crystal,Jones,uhampton@example.com,%o2vSvjI17L0,19E I96
Kathy,Marshall,omoon@example.net,ewEAqw^m^6IL,4DC R12
Robert,Hill,pbird@example.org,Sa_^3IBdhsaV,526 JC8
Linda,Watkins,salinasmary@example.com,3Y92uz@w(_Yv,GQO 9310
George,Humphrey,seanyoder@example.com,mpQNJo7lW*06,ACA 203
Julie,Hanna,raymondsavage@example.com,H37QKQ^d*noI,UJ 54450
Sharon,Lewis,tinarice@example.net,^2KpXYrqYyPX,MLG 201
Whitney,Johnson,bridget27@example.org,t!3$6ZJyXZYf,YO 73291
Travis,Meyer,hadkins@example.net,^OoFINgTVP6c,8851 LG
Tracy,Wiggins,shamilton@example.org,Ms^r7pGx9c5I,XP-6832
Michael,Brennan,nicholashunter@example.com,rVjESMefA_j3,MC4 8854
Jesse,Carpenter,ihammond@example.net,DZ&1Sj9vLtpW,ISU 792
Michael,Rodriguez,brucelisa@example.org,&0PV*qss#Bm2,PBY 330
Misty,Holt,carolynkelley@example.net,xR*2iG3d@PQA,QSB 737
Diana,Pratt,hensonstephen@example.com,zpz4W#d*2hz$,L77-30D
Clinton,Snyder,ashley55@example.com,!x*7Fzco^2W5,CUO 590
David,Powers,danielleonard@example.org,m8yU5&JoHs)*,H19-33D
Leslie,Johnson,icox@example.net,Y)P%aNfY)1qD,IPG 125
Kristen,Massey,marc03@example.org,Tly_RVS$V6RR,71ZY0
Charles,Robinson,burgesstanya@example.com,8+TAov@pPz0i,SNE 194
Kenneth,Lewis,clarkejohn@example.net,Q%153tDjL+sZ,RTU 3977
Veronica,Thomas,carlsonalexa@example.com,qs0RVxjiiG&I,WYL-9350
John,Terry,stevewood@example.com,L%3__pOi!xY&,MYK-4465
Jeffrey,Johnson,virginiasantana@example.net,in6VhCwz@8r7,56SD469
Samantha,Zavala,zblankenship@example.com,ws&9EOmy1ee8,9189 ST
Jose,Thompson,joshua62@example.net,913ks1CS6SH&,ZSB 653
Theresa,Jones,sanchezcurtis@example.net,taFXA!xo)7@*,RUD 863
Kelly,Smith,rita19@example.net,+^1NSs@d)*E!,02E 5219
Steven,Johnson,fsmith@example.com,hohgldHw!9cb,915-SCW
Sydney,Peterson,pattersoncynthia@example.net,!d9naLb56zgG,7U956
Breanna,Griffin,bradley87@example.com,r2M(_Nna@NKH,HBB 953
Thomas,Cook,garymitchell@example.org,#2mvEIcxq4yb,96UN233
Mallory,Myers,traci63@example.com,(E1FhHVnS^BK,816 HWT
John,Richardson,mwatts@example.org,3KHbO0dw))4_,700191
Shelby,Taylor,clayton84@example.net,3$_jh$%dAi5Z,00A 1604
Joshua,Sanders,jeffrey37@example.com,t1iYrMUi+%2f,M90 6SG
Tommy,Padilla,charlotteward@example.net,+gMqK7ea$@2E,SPJ-228
Richard,Hernandez,zphillips@example.com,_D9TfCByO)t#,2M 1220E
Jon,Martin,monroezachary@example.net,5SB!u8DvX%an,0X 33882
Taylor,Harris,walter15@example.com,&LSX@Hbp8SkZ,7DWY 78
Michael,Patterson,paulahernandez@example.net,!12QSjZZ!QR*,UHZ 184
Daniel,Brown,rodney26@example.org,l8tF4Bom@4KM,HPN-486
Edwin,Moore,craigsolis@example.com,(8lVCGqyOtHp,A98-IVT
Elizabeth,George,courtneykeith@example.org,94ImdVCP#wFx,JWD 807
Erica,Preston,brittany83@example.com,zC7MMS0B(4WQ,USG-723
Kelly,Simmons,fscott@example.net,OkJ1XRK@_aEp,0NV 502
Rebecca,Martin,fjohnson@example.com,&^9*jbDOi^9S,GCC 401
Barry,Trujillo,edward89@example.com,8kKRtVk1v^5a,1FHK 54
Caitlin,Thornton,bethtodd@example.net,OLAL++e(+@7V,WRY M24
Christina,Booker,sandrapage@example.org,ji8+n@l7%d%X,TXM-414
Christopher,Neal,moratammy@example.net,d*7JEEfbJ$V^,SHY-3860
Steven,Russell,laura26@example.org,!P*sIe6(kA+8,605 JV7
John,Norris,rileyscott@example.org,5NTQnLes#t(3,89-46302
Harry,Black,hwarren@example.net,(@tjH02sy4u(,TPU-2748
Heather,Riggs,durhamrussell@example.net,5&uG)4kO#i0^,76M 5271
Carolyn,Williams,shannonhart@example.com,3djD8@iu+KV9,2SY9727
Charles,Rosales,susanmorgan@example.net,@j(ZtOnXg8DS,894 OX6
Brenda,Solis,rwilson@example.org,3twR1bnr^b_M,82M•718
Jared,Gutierrez,garciahector@example.org,I5Xe6cPI#eXc,LKA 918
Wendy,Sanchez,erika20@example.com,2(1+Swv#vG8J,E06-XMN
Andrew,Hoover,longedward@example.com,5TOijbjh^gD3,700811
Russell,Short,ruizjonathan@example.org,44XkeyYr+RT6,761 XFB
Travis,Watson,harrellchristopher@example.org,t&3%TrwyBH!N,ROF-2791
Jocelyn,Miller,kyang@example.org,bX9+qqgeRH0T,VYJ1418
Timothy,Alvarado,hschneider@example.com,HLnkBtxnc3W_,XP0 X2A
Nathan,Myers,tonya89@example.net,Q3XYeqxQ_Uz#,ZXL 186
Richard,Moyer,joseph05@example.org,5S0v&qTI(JML,774 KWN
Angel,Morton,sarahfox@example.com,Z(9IhKLIFfvP,727 YEZ
Ricky,Hodge,lowetracy@example.org,L(2PIUjW_JCz,8-2262D
Thomas,Brown,tchang@example.org,N8e!NgUkU!CP,6NU U77
Michael,Payne,catherineanderson@example.org,4ul(Bw@*!^A2,ZJR 887
Hector,Bennett,rogerfry@example.org,!P308tzLK@5J,126-PCB
Jillian,Medina,craig12@example.org,h%nQwR%Y+*3z,BPR 472
James,Adams,spoole@example.com,at2WCOBOL+b+,1633
Matthew,Wood,bethanychristensen@example.org,yVcoQuoI)q$7,KNS 080
Morgan,Lopez,emily37@example.org,+c&bc5QspXyA,4-80817
Erin,Black,robert11@example.com,GCyWhilQ%0J$,9IJ 906
Jennifer,Miller,katherinesmith@example.org,@ND38gJd%H7),588KU
Heather,Patel,yflowers@example.org,pa50H6Tf_O%N,9OP7243
Tyler,Kline,shepardguy@example.org,$4Ll5vNzC3QJ,114PUB
Andrew,Ashley,ymorgan@example.com,@V88&cGhJin8,NP 3037
Rebecca,Obrien,sandra31@example.com,4Q!RIBBx!7SO,EL3 F8C
Johnathan,Hudson,howeheidi@example.net,(Uco4QSy61q*,UV7 K6R
Melanie,Moore,floresjeremiah@example.org,Vu4PsboJ*RMJ,783 AVX
Frank,Huber,andrewbrown@example.com,30%wgskB84Lc,423 IHN
Robin,Thompson,lpalmer@example.com,@qcHbPomI4Kt,KGF 063
Michele,Collins,justin99@example.net,sXt4JM3yVa)T,EAN-862
Sydney,Williams,ibarraanita@example.org,&^p%5Mq_c9XE,283 CWT
Francisco,Rios,kellihughes@example.org,WR8M9Fsv(1v6,UYJ-980
Ryan,Sandoval,leslie16@example.net,AaCnSd%LE$C7,KIK0066
Robert,Jones,mcclainwilliam@example.com,9a*HIlG8U@7k,730HBB
Regina,Cline,charles58@example.net,!ZfbQq5eN3I1,LPH 792
Daniel,Taylor,lisa09@example.com,+08bSnbQ1S6p,3-6370F
Peter,Bell,taraperez@example.org,9WwQkZUV_3Gi,YU-6860
Daniel,Evans,pacelisa@example.com,@3&6eJKac9K$,GIB 220
Jonathan,Larsen,warnerhannah@example.net,!@#Vx&Ik_t8B,NKX 9935
Stephanie,Thomas,maldonadoryan@example.com,jc3HUEjrb$hV,556 DCI
Amanda,Moore,gmorgan@example.com,!EmT)RMz9+IL,6D YN290
Victoria,Hunter,ericwhite@example.com,N@!LhtjRNA3O,YMZ-6246
Wendy,Ellis,montgomeryveronica@example.org,B2C#4tNdhDQa,HXW 796
Teresa,Murray,phillipssteven@example.net,TZz*4HfmEoo3,N61-BBC
Richard,Melton,mariajones@example.org,)1ffdk7@iiZH,7GMU285
Jennifer,Warren,sanderson@example.net,M4MmZkM+!&5n,V91 7JN
Todd,Hess,ahill@example.com,a3Nr3HB*!oLD,LFX 773
Casey,Smith,andrea62@example.com,@DmEgeLfpm32,365 FQQ
Philip,Smith,mary68@example.org,m*UX3XvaltQa,91ND897
Nancy,Williams,patrick31@example.com,tZw$7yI1!6LY,85G 0239
William,Roberson,rlopez@example.org,&5IN852w(ou0,MRZ 362
Ann,Snyder,sanfordmary@example.com,Vt1Fw7Rf+E_F,066 5631
Joel,Price,perezbrittany@example.org,$rv&!@t3K4Xr,QRH 305
Daniel,Noble,stephengarza@example.net,!5Be*XsIle9w,GVS 855
Ashley,Bell,rodneyfrancis@example.com,R%4I^gHy_P+#,795-TUA
Timothy,Anderson,martinezbenjamin@example.com,L%SlzmVxOv1y,8EL D15
Jamie,Snyder,talvarez@example.com,Rp#v5AbGtte&,SJO-5860
Ashley,Mcfarland,georgeamanda@example.org,A!cn5oCvs_#2,MAK 698
Stephen,Mitchell,kevinsawyer@example.net,$E27UMg98BHQ,0TZ73
Courtney,Jones,emmapollard@example.net,NBx+ge2dTO4U,9N 98024
Timothy,Lawrence,awilson@example.net,B+_nHNkdn5D$,672S
Alyssa,Manning,smithjohn@example.net,k%H1Pbwa@6*q,653 YMO
Patricia,Bailey,trowe@example.com,_CsqWL0kS2u%,2O W5407
Randy,Castro,danacollins@example.org,2#X95ItYyC#1,706KNR
Deanna,Howell,warrenbelinda@example.org,dz47We0na^Po,MSN 416
Robin,Douglas,charles70@example.com,74jyxk6n@9YT,PZ-7173
Edwin,Manning,rebeccamason@example.com,26i)9V1KG1Yj,39O 330
Jeanette,Fischer,dustin75@example.org,m5xVQjCx^f+3,149PU
Seth,Alvarado,tamara12@example.com,VJS(1Kb3c4bY,28A KM8
Gary,Clark,fullermelissa@example.com,#03!TOiCzWZH,9U AO569
Kathleen,Martin,onealgarrett@example.net,%8YW9&0cgHCP,F32-PDV
Ryan,James,jared52@example.com,Kwg8e7EQ_oDu,Y78-XNR
Laura,Rosario,jessica66@example.net,#OLEApQvx6oc,0-V4307
Elizabeth,Wood,wrodriguez@example.org,4(gZxFPy648c,74-Z424
Marvin,Perez,jjenkins@example.com,Q_N@YKVp(q84,6-Q7809
Mark,Owens,jenniferrodriguez@example.org,BQ8KlCAg&$(g,VZG 548
Wendy,Brown,hardingbrian@example.net,+eZCpczGGx1*,75-L828
David,Hernandez,nicole29@example.net,8vFtaAvM@DDu,728 EIM
Juan,Stokes,sabrina14@example.net,@B@5YdHG93qX,4-54276
Megan,Fields,mason59@example.org,v1!8eRmm%#LN,374 IWC
Christopher,Strickland,owagner@example.com,ctBnHTGi@6dj,KMY 176
Christopher,Hernandez,jonathanherman@example.net,*B)N*5Boq&L_,789-VVO
Trevor,Chapman,anthony56@example.org,$XwW5rG#nHI1,3GX32
Erica,Thomas,nelsonrobin@example.org,C+HK_dBP3!4+,862FCK
Albert,Rios,xbrewer@example.net,6xLmsY+yd!W5,054 9PX
Alex,Serrano,davisamy@example.org,i&TfJoO3&12V,226-ZBZ
Lynn,Alvarez,sreynolds@example.org,wH5CiJAeK#Wm,5Z 2821M
Jamie,Williams,ernestreed@example.net,_oehwHzp&0VC,49-39102
Jennifer,Berry,yvonnehunt@example.net,(S0OR@tao43d,XJF-9898
David,Douglas,susanjackson@example.org,EH(@lJNs+Rn4,OEF 432
Nathaniel,Green,ethomas@example.org,#n3$ImvN@5EC,023-045
James,Allen,abigail11@example.org,EBXoSrbF#3JM,GBQ-7263
Karen,Melton,castrokyle@example.net,i9O7yiZt@HUW,9-08525F
Juan,Romero,mark13@example.org,YW)2KP7f#_k%,99-UO44
Michael,Klein,gillmarcus@example.com,@2D^f3P))o6E,5FH 635
Ryan,Baker,peggy92@example.org,(F^3XkaKEy88,FTI0959
Colleen,Gordon,williambradshaw@example.org,K3r2Q(gc%nST,OD1 7675
Dawn,Fisher,sharon80@example.com,$)O1v5pKD5_G,484FTJ
Darlene,Dickerson,pmarshall@example.net,(6coWvh#P3Q_,I64 0OX
Tara,Long,heidiwhite@example.com,&bnCtUfiF1J),480-NVB
Fernando,Davis,vtanner@example.org,)17wm9BF2&Zv,GU5 S5L
Joseph,Baker,djenkins@example.org,KLAZW^oH(3qx,0AZ 616
Jeffrey,Long,howellsamantha@example.net,!bV$Xw+sl$7Q,337 GEZ
Bruce,Ballard,williamrichardson@example.net,Q+25+KehK5aY,6N 1425B
Cynthia,Hogan,vlane@example.com,H5OlNnjL%fkA,076WB
Clifford,Johnson,ewingsuzanne@example.net,)@P)C9TrTB8M,Y20-EKL
Monica,Rhodes,westpaul@example.net,+4w$XQQzHe!a,2HI1199
Sean,Williams,cshannon@example.net,ij6Bf(Zj(IcG,80HZ0
Mark,Turner,mullinsmichael@example.org,+V8C_hkrX^9o,9IH51
Carrie,Flores,cgutierrez@example.net,Yq!aU*xDkh21,0-L3564
James,Cook,vvelasquez@example.org,(aDyjK2jHU6c,172-DGZ
Lisa,Jimenez,christopherrobinson@example.net,+!5VndUwRmMu,55-51580
Melissa,Zamora,walkerphilip@example.org,iqsLerTz+uQ1,CI 80880
Grant,Rice,jacquelinevincent@example.com,7$iUMqeI_PvG,4079 WA
Jenna,Wilson,cindy59@example.net,r)0aTclX!Euv,RQQ-285
Laura,Ellis,thomasjocelyn@example.org,+Ru9HFsGTC$Y,1644 OZ
Gary,Oliver,tiffanytorres@example.org,)X4A+&tWU^IV,7W145
Debra,Keith,catherine63@example.org,8k&iGNmz!+O8,UVI E45
