promotionName,promotionStartDate,promotionEndDate,discountPercentage,restaurantId
Proactive needs-based hierarchy,2024-06-20,2024-07-04,0.52,2980
Innovative system-worthy array,2024-11-15,2024-11-24,0.15,2741
Self-enabling fault-tolerant task-force,2024-10-03,2024-10-26,0.61,1531
Customizable scalable flexibility,2024-05-19,2024-05-31,0.58,1156
Enhanced tertiary framework,2024-05-15,2024-06-08,0.44,296
Adaptive hybrid approach,2024-03-10,2024-04-05,0.48,2972
Extended solution-oriented function,2024-10-31,2024-11-12,0.35,854
Reverse-engineered homogeneous website,2024-03-29,2024-04-10,0.49,741
Visionary executive knowledgebase,2024-10-22,2024-10-31,0.12,1929
Multi-tiered web-enabled artificial intelligence,2024-07-07,2024-07-30,0.94,1352
